{
  "id": "18ccb4c9-7c45-4bb5-bee1-dd1db09489c6",
  "name": "Система управления документооборотом3",
  "specificationsIds": [
    "5b3dc0f1-ac82-4c61-abc7-840211138734"
  ],
  "specificationsIdsSync": false,
  "customInformation": [
    {
      "type": "multiline",
      "value": "",
      "fieldName": "1. Полные наименования автоматизируемых процессов с указанием их кодов",
      "sortIndex": 1,
      "fieldDescription": "",
      "sync": true
    },
    {
      "type": "multiline",
      "value": "",
      "fieldName": "2. Наименования этапов процессов с указанием их кодов",
      "sortIndex": 2,
      "fieldDescription": "",
      "sync": true
    },
    {
      "type": "multiline",
      "value": "Система управления документооборотом3",
      "fieldName": "4. a. Полное название автоматизированной системы (АС)",
      "sortIndex": 3,
      "fieldDescription": "",
      "sync": false
    },
    {
      "type": "multiline",
      "value": "DocManage",
      "fieldName": "b. Краткое название АС",
      "sortIndex": 4,
      "fieldDescription": "",
      "sync": false
    },
    {
      "type": "multiline",
      "value": "1",
      "fieldName": "c. Номер АС в Реестре АС",
      "sortIndex": 5,
      "fieldDescription": "",
      "sync": false
    },
    {
      "type": "multiline",
      "value": "Обработка внутренней документации",
      "fieldName": "5. Назначение АС, перечень выполняемых ей функций",
      "sortIndex": 6,
      "fieldDescription": "",
      "sync": false
    },
    {
      "type": "multiline",
      "value": "",
      "fieldName": "6. Заказчик АС",
      "sortIndex": 7,
      "fieldDescription": "",
      "sync": true
    },
    {
      "type": "multiline",
      "value": "-----",
      "fieldName": "7. Владелец АС",
      "sortIndex": 8,
      "fieldDescription": "",
      "sync": false
    },
    {
      "type": "multiline",
      "value": "",
      "fieldName": "В АС планируется взаимодействие со следующими АС",
      "sortIndex": 9,
      "fieldDescription": "",
      "sync": true
    },
    {
      "type": "multiline",
      "value": "",
      "fieldName": "Получение данных из автоматизированных систем",
      "sortIndex": 10,
      "fieldDescription": "",
      "sync": true
    },
    {
      "type": "multiline",
      "value": "",
      "fieldName": "Получатели информации из АС",
      "sortIndex": 11,
      "fieldDescription": "",
      "sync": true
    },
    {
      "type": "multiline",
      "value": "",
      "fieldName": "11. Предполагаемое количество пользователей АС",
      "sortIndex": 12,
      "fieldDescription": "",
      "sync": true
    },
    {
      "type": "multiline",
      "value": "",
      "fieldName": "Предполагаемое количество групп/ролей в АС",
      "sortIndex": 13,
      "fieldDescription": "",
      "sync": true
    },
    {
      "type": "multiline",
      "value": "",
      "fieldName": "21. (J). Дополнительные условия/ограничения/требования Заказчика АС к проектируемой АС",
      "sortIndex": 14,
      "fieldDescription": "",
      "sync": true
    },
    {
      "type": "multiline",
      "value": "",
      "fieldName": "Руководитель ССП ИТ-блока, выполняющего работы по созданию (модернизации) АС",
      "sortIndex": 15,
      "fieldDescription": "",
      "sync": true
    }
  ]
}