[
  {
    "name": "Полное название автоматизируемого бизнес-процесса с указанием его кода",
    "propertyName": "null"
  },
  {
    "name": "c. Номер АС в Реестре АС",
    "propertyName": "Uniq_id"
  },
  {
    "name": "Основные функции и назначение",
    "propertyName": "Naznachenie"
  },
  {
    "name": "Полное название автоматизированной системы (АС)",
    "propertyName": "Naimenovanie"
  },
  {
    "name": "Краткое название АС",
    "propertyName": "Kratkoe_nazvanie_prilozhenie_spisok_sinonimov"
  },
  {
    "name": "Назначение АС, перечень выполняемых ей функций (ссылка на документ, где содержится эта информация)",
    "propertyName": "Naznachenie"
  },
  {
    "name": "Получение данных из автоматизированных систем",
    "propertyName": "Sys_sourse"
  },
  {
    "name": "Получатели информации из АС",
    "propertyName": "It_koordinator"
  },
  {
    "name": "Категории обрабатываемой в АС информации",
    "propertyName": "Type_confidentiality"
  },
  {
    "name": "Дополнительные условия/ограничения/требования Заказчика АС к проектируемой АС",
    "propertyName": "Dopolnitelnye_uslovia"
  },
  {
    "name": "Заказчик АС",
    "strategy": "join",
    "opts": {
      "tableName": "v_reestr_as_manager",
      "propertyName": "Fio"
    }
  },
  {
    "name": "Владелец АС ",
    "strategy": "join",
    "opts": {
      "tableName": "V_REESTR_AS_OWNERS",
      "propertyName": "Fio"
    }
  }
]
