{
  "id": "7bf81da5-3c0e-49a3-97c0-532d947cd333",
  "name": "Система управления документооборотом",
  "specificationsIds": [
    "98365587-9af9-43e7-aa8f-64862cf31767",
    "1a3f65c7-096d-451f-bea9-fb540abedb71",
    "5b3dc0f1-ac82-4c61-abc7-840211138734",
    "7bd0f442-e2a0-4ea5-b8c1-27124ca201b0"
  ],
  "specificationsIdsSync": false,
  "customInformation": [
    {
      "type": "multiline",
      "value": "",
      "fieldName": "1. Полные наименования автоматизируемых процессов с указанием их кодов",
      "sortIndex": 1,
      "fieldDescription": "",
      "sync": true
    },
    {
      "type": "multiline",
      "value": "",
      "fieldName": "2. Наименования этапов процессов с указанием их кодов",
      "sortIndex": 2,
      "fieldDescription": "",
      "sync": true
    },
    {
      "type": "multiline",
      "value": "Система управления документооборотом",
      "fieldName": "4. a. Полное название автоматизированной системы (АС)",
      "sortIndex": 3,
      "fieldDescription": "",
      "sync": true
    },
    {
      "type": "multiline",
      "value": "DocManage",
      "fieldName": "b. Краткое название АС",
      "sortIndex": 4,
      "fieldDescription": "",
      "sync": true
    },
    {
      "type": "multiline",
      "value": "1",
      "fieldName": "c. Номер АС в Реестре АС",
      "sortIndex": 5,
      "fieldDescription": "",
      "sync": true
    },
    {
      "type": "multiline",
      "value": "Обработка внутренней документации",
      "fieldName": "5. Назначение АС, перечень выполняемых ей функций",
      "sortIndex": 6,
      "fieldDescription": "",
      "sync": true
    },
    {
      "type": "multiline",
      "value": "Иванов Иван Иванович,Петров Петр Петрович,Сидоров Сидор Сидорович",
      "fieldName": "6. Заказчик АС",
      "sortIndex": 7,
      "fieldDescription": "",
      "sync": true
    },
    {
      "type": "multiline",
      "value": "Иванов Иван Иванович,Николаев Николай Николаевич",
      "fieldName": "7. Владелец АС",
      "sortIndex": 8,
      "fieldDescription": "",
      "sync": false
    },
    {
      "type": "multiline",
      "value": "",
      "fieldName": "В АС планируется взаимодействие со следующими АС:",
      "sortIndex": 9,
      "fieldDescription": "",
      "sync": true
    },
    {
      "type": "multiline",
      "value": "",
      "fieldName": "a. Способ ввода информации в АС:",
      "sortIndex": 10,
      "fieldDescription": "",
      "sync": true
    },
    {
      "type": "multiline",
      "value": "",
      "fieldName": "b. Получатели информации из АС",
      "sortIndex": 11,
      "fieldDescription": "",
      "sync": true
    },
    {
      "type": "multiline",
      "value": "",
      "fieldName": "16. (J). Дополнительные условия/ограничения/требования Заказчика АС к проектируемой АС",
      "sortIndex": 12,
      "fieldDescription": "",
      "sync": true
    }
  ]
}