{
  "totalCount": 48,
  "data": [
    {
      "id": "64d1ea19-6676-473b-a2fb-756bc2a2b972",
      "rootId": null,
      "isAudit": false,
      "auditDate": "2023-12-04T11:24:16.986Z",
      "auditUserId": null,
      "privateId": 16,
      "isDeleted": false,
      "createDate": "2023-09-06T12:46:24.706Z",
      "lastUpdateDate": "2023-12-04T11:24:16.987Z",
      "lastDeleteDate": null,
      "isActive": true,
      "isBundled": false,
      "globalId": "b210a2c3-7d50-42a6-bf59-7eb5a16fe3df",
      "bundleId": null,
      "bundleLinksIds": {},
      "name": "Оркестрация контейнеров",
      "description": "    ",
      "orderIndex": 0,
      "conditionsMap": {
        "useIfSpecificationEntitiesIds": [],
        "useIfNotSpecificationEntitiesIds": []
      }
    },
    {
      "id": "0dfad132-1f36-4177-b0e0-e0e64deba469",
      "rootId": null,
      "isAudit": false,
      "auditDate": "2023-12-04T11:24:17.002Z",
      "auditUserId": null,
      "privateId": 25,
      "isDeleted": false,
      "createDate": "2023-09-06T12:46:24.773Z",
      "lastUpdateDate": "2023-12-04T11:24:17.004Z",
      "lastDeleteDate": null,
      "isActive": true,
      "isBundled": false,
      "globalId": "c828c615-b3c4-4718-8525-cab6a8015939",
      "bundleId": null,
      "bundleLinksIds": {},
      "name": "Работа с браузерами",
      "description": "  ",
      "orderIndex": 0,
      "conditionsMap": {
        "useIfSpecificationEntitiesIds": [],
        "useIfNotSpecificationEntitiesIds": []
      }
    },
    {
      "id": "f542686c-d4d2-4e58-bcea-cb318901a565",
      "rootId": null,
      "isAudit": false,
      "auditDate": "2023-12-04T11:24:17.018Z",
      "auditUserId": null,
      "privateId": 26,
      "isDeleted": false,
      "createDate": "2023-09-06T12:46:24.779Z",
      "lastUpdateDate": "2023-12-04T11:24:17.019Z",
      "lastDeleteDate": null,
      "isActive": true,
      "isBundled": false,
      "globalId": "5fc6592a-8205-415d-9c7d-e3612603f583",
      "bundleId": null,
      "bundleLinksIds": {},
      "name": "Работа с внешними ресурсами и сервисами",
      "description": "  ",
      "orderIndex": 0,
      "conditionsMap": {
        "useIfSpecificationEntitiesIds": [],
        "useIfNotSpecificationEntitiesIds": []
      }
    },
    {
      "id": "34f8cf38-832b-493f-8201-4c0a53716cb2",
      "rootId": null,
      "isAudit": false,
      "auditDate": "2023-12-04T11:24:17.034Z",
      "auditUserId": null,
      "privateId": 27,
      "isDeleted": false,
      "createDate": "2023-09-06T12:46:24.786Z",
      "lastUpdateDate": "2023-12-04T11:24:17.035Z",
      "lastDeleteDate": null,
      "isActive": true,
      "isBundled": false,
      "globalId": "8ba2fbea-f14e-4ea2-9180-fcc96f623f4f",
      "bundleId": null,
      "bundleLinksIds": {},
      "name": "Работа с пользователями и посетителями",
      "description": "  ",
      "orderIndex": 0,
      "conditionsMap": {
        "useIfSpecificationEntitiesIds": [],
        "useIfNotSpecificationEntitiesIds": []
      }
    },
    {
      "id": "9aff84d7-77e8-43c7-bf8e-dff7aa7520ad",
      "rootId": null,
      "isAudit": false,
      "auditDate": "2023-12-04T11:24:17.045Z",
      "auditUserId": null,
      "privateId": 29,
      "isDeleted": false,
      "createDate": "2023-09-06T12:46:24.802Z",
      "lastUpdateDate": "2023-12-04T11:24:17.051Z",
      "lastDeleteDate": null,
      "isActive": true,
      "isBundled": false,
      "globalId": "2c4b83b6-6fb7-484b-8e7f-59ae1772ee78",
      "bundleId": null,
      "bundleLinksIds": {},
      "name": "Хранение данных",
      "description": "  ",
      "orderIndex": 0,
      "conditionsMap": {
        "useIfSpecificationEntitiesIds": [],
        "useIfNotSpecificationEntitiesIds": []
      }
    },
    {
      "id": "fb7f8105-ad8a-4d91-86d6-f3f485964119",
      "rootId": "fb7f8105-ad8a-4d91-86d6-f3f485964119",
      "isAudit": false,
      "auditDate": "2023-11-07T08:27:21.407Z",
      "auditUserId": null,
      "privateId": 37,
      "isDeleted": false,
      "createDate": "2023-09-22T08:54:34.151Z",
      "lastUpdateDate": "2023-11-07T08:27:21.409Z",
      "lastDeleteDate": null,
      "isActive": true,
      "isBundled": false,
      "globalId": "919770bc-5a54-4275-97df-5139bb763b53",
      "bundleId": null,
      "bundleLinksIds": {},
      "name": "3. (A). Тип автоматизируемого банковского технологического процесса (ТП)",
      "description": "Тип процесса",
      "orderIndex": 1,
      "conditionsMap": {
        "useIfSpecificationEntitiesIds": [],
        "useIfNotSpecificationEntitiesIds": []
      }
    },
    {
      "id": "89d36b8e-4c90-4545-9605-c5feaa046119",
      "rootId": "89d36b8e-4c90-4545-9605-c5feaa046119",
      "isAudit": false,
      "auditDate": "2023-11-09T10:38:17.900Z",
      "auditUserId": null,
      "privateId": 38,
      "isDeleted": false,
      "createDate": "2023-09-22T09:08:58.981Z",
      "lastUpdateDate": "2023-11-09T10:38:17.903Z",
      "lastDeleteDate": null,
      "isActive": true,
      "isBundled": false,
      "globalId": "4c7def6d-521b-40b4-abc2-a68b8e247872",
      "bundleId": null,
      "bundleLinksIds": {},
      "name": "ожидаемое количество транзакций в сутки",
      "description": "кл-во",
      "orderIndex": 2,
      "conditionsMap": {
        "useIfSpecificationEntitiesIds": [
          "01986d69-d124-463b-86ac-406c0726c6a0"
        ],
        "useIfNotSpecificationEntitiesIds": []
      }
    },
    {
      "id": "08e095ec-061f-495f-b56d-8e99724c35cb",
      "rootId": "08e095ec-061f-495f-b56d-8e99724c35cb",
      "isAudit": false,
      "auditDate": "2023-11-07T09:38:59.741Z",
      "auditUserId": null,
      "privateId": 55,
      "isDeleted": false,
      "createDate": "2023-11-07T08:32:38.436Z",
      "lastUpdateDate": "2023-11-07T09:38:59.742Z",
      "lastDeleteDate": null,
      "isActive": true,
      "isBundled": false,
      "globalId": "28f8b559-ee6f-44ea-a2ab-d40fc2cf2b82",
      "bundleId": null,
      "bundleLinksIds": {},
      "name": "Если какие-либо функции АС касаются работы с банковскими картами, то явно указать к какой области это относится",
      "description": "PCI",
      "orderIndex": 3,
      "conditionsMap": {
        "useIfSpecificationEntitiesIds": [],
        "useIfNotSpecificationEntitiesIds": []
      }
    },
    {
      "id": "30c9e749-b3e8-4f8e-bc1c-00e321733e76",
      "rootId": "30c9e749-b3e8-4f8e-bc1c-00e321733e76",
      "isAudit": false,
      "auditDate": "2023-11-07T08:44:37.298Z",
      "auditUserId": null,
      "privateId": 57,
      "isDeleted": false,
      "createDate": "2023-11-07T08:44:37.302Z",
      "lastUpdateDate": "2023-11-07T08:44:37.306Z",
      "lastDeleteDate": null,
      "isActive": true,
      "isBundled": false,
      "globalId": "ea3a0b81-602f-4f8d-a4b2-9dcf7aed151a",
      "bundleId": null,
      "bundleLinksIds": {},
      "name": "8. (B). Категории обрабатываемой в АС информации",
      "description": "Категории обрабатываемой в АС информации",
      "orderIndex": 4,
      "conditionsMap": {
        "useIfSpecificationEntitiesIds": [],
        "useIfNotSpecificationEntitiesIds": []
      }
    },
    {
      "id": "e2f6f823-749c-42bc-bad5-d573ff2f16f0",
      "rootId": "e2f6f823-749c-42bc-bad5-d573ff2f16f0",
      "isAudit": false,
      "auditDate": "2023-11-09T08:54:02.761Z",
      "auditUserId": null,
      "privateId": 58,
      "isDeleted": false,
      "createDate": "2023-11-07T08:47:18.962Z",
      "lastUpdateDate": "2023-11-09T08:54:02.762Z",
      "lastDeleteDate": null,
      "isActive": true,
      "isBundled": false,
      "globalId": "20dff93c-7a0f-41b9-8e3d-850f2576f84a",
      "bundleId": null,
      "bundleLinksIds": {},
      "name": "(B3) Информация категории «Банковская тайна» (БТ) (платежная информация), в том числе",
      "description": "B3",
      "orderIndex": 5,
      "conditionsMap": {
        "useIfSpecificationEntitiesIds": [
          "5b3dc0f1-ac82-4c61-abc7-840211138734"
        ],
        "useIfNotSpecificationEntitiesIds": []
      }
    },
    {
      "id": "b736f78d-f935-43c8-8141-7d3971e6bd3a",
      "rootId": "b736f78d-f935-43c8-8141-7d3971e6bd3a",
      "isAudit": false,
      "auditDate": "2023-11-09T08:50:30.636Z",
      "auditUserId": null,
      "privateId": 59,
      "isDeleted": false,
      "createDate": "2023-11-07T08:48:53.289Z",
      "lastUpdateDate": "2023-11-09T08:50:30.637Z",
      "lastDeleteDate": null,
      "isActive": true,
      "isBundled": false,
      "globalId": "e2451771-5a62-47e0-8aac-1e9755681374",
      "bundleId": null,
      "bundleLinksIds": {},
      "name": "(PCD) БТ.1.7. Информация, нанесенная на банковские карты",
      "description": "(PCD) БТ.1.7",
      "orderIndex": 6,
      "conditionsMap": {
        "useIfSpecificationEntitiesIds": [
          "aab9adec-090d-49fe-9344-e8e112ea3dd4"
        ],
        "useIfNotSpecificationEntitiesIds": []
      }
    },
    {
      "id": "e24d2d83-b59d-489a-a83f-7eca2f7045b7",
      "rootId": "e24d2d83-b59d-489a-a83f-7eca2f7045b7",
      "isAudit": false,
      "auditDate": "2023-11-07T08:50:41.706Z",
      "auditUserId": null,
      "privateId": 60,
      "isDeleted": false,
      "createDate": "2023-11-07T08:50:41.709Z",
      "lastUpdateDate": "2023-11-07T08:50:41.716Z",
      "lastDeleteDate": null,
      "isActive": true,
      "isBundled": false,
      "globalId": "43309be1-93ad-4541-8b03-c96ea170a143",
      "bundleId": null,
      "bundleLinksIds": {},
      "name": "Категория ПДн",
      "description": "Категория ПДн",
      "orderIndex": 7,
      "conditionsMap": {
        "useIfSpecificationEntitiesIds": [
          "f49ed135-f398-45c6-b379-e1da65960fd3"
        ],
        "useIfNotSpecificationEntitiesIds": []
      }
    },
    {
      "id": "fee68ed3-195c-42e4-9114-f6a8f3df10cc",
      "rootId": "fee68ed3-195c-42e4-9114-f6a8f3df10cc",
      "isAudit": false,
      "auditDate": "2023-11-07T08:58:13.865Z",
      "auditUserId": null,
      "privateId": 61,
      "isDeleted": false,
      "createDate": "2023-11-07T08:58:13.870Z",
      "lastUpdateDate": "2023-11-07T08:58:13.876Z",
      "lastDeleteDate": null,
      "isActive": true,
      "isBundled": false,
      "globalId": "e57ba4c4-fe2f-4a62-9f99-fd8f2380185e",
      "bundleId": null,
      "bundleLinksIds": {},
      "name": "Категория субъектов ПДн",
      "description": "Категория субъектов ПДн",
      "orderIndex": 8,
      "conditionsMap": {
        "useIfSpecificationEntitiesIds": [
          "f49ed135-f398-45c6-b379-e1da65960fd3"
        ],
        "useIfNotSpecificationEntitiesIds": []
      }
    },
    {
      "id": "44502003-294c-47cb-b2b5-88c2100122bd",
      "rootId": "44502003-294c-47cb-b2b5-88c2100122bd",
      "isAudit": false,
      "auditDate": "2023-11-07T09:17:03.105Z",
      "auditUserId": null,
      "privateId": 34,
      "isDeleted": false,
      "createDate": "2023-09-08T10:58:25.037Z",
      "lastUpdateDate": "2023-11-07T09:17:03.108Z",
      "lastDeleteDate": null,
      "isActive": true,
      "isBundled": false,
      "globalId": "8ee23abf-55f8-42b0-b0cd-ff2dd3ab24c1",
      "bundleId": null,
      "bundleLinksIds": {},
      "name": "Количество субъектов ПДн",
      "description": "Количество субъектов ПДн",
      "orderIndex": 9,
      "conditionsMap": {
        "useIfSpecificationEntitiesIds": [
          "f49ed135-f398-45c6-b379-e1da65960fd3"
        ],
        "useIfNotSpecificationEntitiesIds": []
      }
    },
    {
      "id": "38e87190-861b-400e-9f11-27d841eb6cb3",
      "rootId": "38e87190-861b-400e-9f11-27d841eb6cb3",
      "isAudit": false,
      "auditDate": "2023-11-07T09:39:09.250Z",
      "auditUserId": null,
      "privateId": 35,
      "isDeleted": false,
      "createDate": "2023-09-08T10:59:50.405Z",
      "lastUpdateDate": "2023-11-07T09:39:09.251Z",
      "lastDeleteDate": null,
      "isActive": true,
      "isBundled": false,
      "globalId": "c55e189a-bb0d-4581-988e-37666c53549d",
      "bundleId": null,
      "bundleLinksIds": {},
      "name": "Тип актуальных угроз",
      "description": "Тип угроз\n",
      "orderIndex": 10,
      "conditionsMap": {
        "useIfSpecificationEntitiesIds": [
          "f49ed135-f398-45c6-b379-e1da65960fd3"
        ],
        "useIfNotSpecificationEntitiesIds": []
      }
    },
    {
      "id": "3f1206ca-97d7-4dc7-8902-f48b7a51ea50",
      "rootId": "3f1206ca-97d7-4dc7-8902-f48b7a51ea50",
      "isAudit": false,
      "auditDate": "2023-11-07T09:25:57.462Z",
      "auditUserId": null,
      "privateId": 36,
      "isDeleted": false,
      "createDate": "2023-09-08T11:00:51.298Z",
      "lastUpdateDate": "2023-11-07T09:25:57.465Z",
      "lastDeleteDate": null,
      "isActive": true,
      "isBundled": false,
      "globalId": "9dfa6450-101a-476c-b772-a6d733345a3a",
      "bundleId": null,
      "bundleLinksIds": {},
      "name": "Уровень защищенности ПДн",
      "description": "Уровень защищенности",
      "orderIndex": 11,
      "conditionsMap": {
        "useIfSpecificationEntitiesIds": [
          "f49ed135-f398-45c6-b379-e1da65960fd3"
        ],
        "useIfNotSpecificationEntitiesIds": []
      }
    },
    {
      "id": "b6735b1a-cf2b-4638-9363-167bbd19109e",
      "rootId": "b6735b1a-cf2b-4638-9363-167bbd19109e",
      "isAudit": false,
      "auditDate": "2023-11-07T09:25:50.209Z",
      "auditUserId": null,
      "privateId": 68,
      "isDeleted": false,
      "createDate": "2023-11-07T09:25:37.495Z",
      "lastUpdateDate": "2023-11-07T09:25:50.211Z",
      "lastDeleteDate": null,
      "isActive": true,
      "isBundled": false,
      "globalId": "5e1028e8-71ed-42fe-892b-57f254f64653",
      "bundleId": null,
      "bundleLinksIds": {},
      "name": "10. (E). Требуемые каналы доступа к АС (для каждого канала перечислить категории пользователей)",
      "description": "Требуемые каналы доступа",
      "orderIndex": 12,
      "conditionsMap": {
        "useIfSpecificationEntitiesIds": [],
        "useIfNotSpecificationEntitiesIds": []
      }
    },
    {
      "id": "b74b152b-2932-4d6d-b80a-0313ab891dda",
      "rootId": "b74b152b-2932-4d6d-b80a-0313ab891dda",
      "isAudit": false,
      "auditDate": "2023-11-07T09:27:33.471Z",
      "auditUserId": null,
      "privateId": 70,
      "isDeleted": false,
      "createDate": "2023-11-07T09:27:33.475Z",
      "lastUpdateDate": "2023-11-07T09:27:33.479Z",
      "lastDeleteDate": null,
      "isActive": true,
      "isBundled": false,
      "globalId": "151d5f99-83a7-4e27-a079-c196f91d54f7",
      "bundleId": null,
      "bundleLinksIds": {},
      "name": "a.\t(EA) Из внутренней сети Банка",
      "description": "a.\t(EA) Из внутренней сети Банка",
      "orderIndex": 13,
      "conditionsMap": {
        "useIfSpecificationEntitiesIds": [
          "9a0cd972-8e77-4ae3-9464-56fd28435a2c"
        ],
        "useIfNotSpecificationEntitiesIds": []
      }
    },
    {
      "id": "038d9c70-bee5-49ad-b5c1-13575b0e3a57",
      "rootId": "038d9c70-bee5-49ad-b5c1-13575b0e3a57",
      "isAudit": false,
      "auditDate": "2023-11-07T09:27:58.252Z",
      "auditUserId": null,
      "privateId": 71,
      "isDeleted": false,
      "createDate": "2023-11-07T09:27:58.256Z",
      "lastUpdateDate": "2023-11-07T09:27:58.262Z",
      "lastDeleteDate": null,
      "isActive": true,
      "isBundled": false,
      "globalId": "d2fa83d9-0c33-485a-8258-04ba03c6930d",
      "bundleId": null,
      "bundleLinksIds": {},
      "name": "b.\t(EC) Через Мобильный офис/АС ПКМ",
      "description": "b.\t(EC) Через Мобильный офис/АС ПКМ",
      "orderIndex": 14,
      "conditionsMap": {
        "useIfSpecificationEntitiesIds": [
          "466e3ac1-437d-46f0-afcf-d8eacb91c6cc"
        ],
        "useIfNotSpecificationEntitiesIds": []
      }
    },
    {
      "id": "e06bb1fb-abc8-4f00-b294-aef76f50fc9b",
      "rootId": "e06bb1fb-abc8-4f00-b294-aef76f50fc9b",
      "isAudit": false,
      "auditDate": "2023-11-07T09:28:25.438Z",
      "auditUserId": null,
      "privateId": 72,
      "isDeleted": false,
      "createDate": "2023-11-07T09:28:25.442Z",
      "lastUpdateDate": "2023-11-07T09:28:25.447Z",
      "lastDeleteDate": null,
      "isActive": true,
      "isBundled": false,
      "globalId": "858e3d58-edf4-45a0-be86-f84e9cb657e7",
      "bundleId": null,
      "bundleLinksIds": {},
      "name": "c.\t(ED) Через общедоступные сети (Интернет)",
      "description": "c.\t(ED) Через общедоступные сети (Интернет)",
      "orderIndex": 15,
      "conditionsMap": {
        "useIfSpecificationEntitiesIds": [
          "89fd99d2-f0d9-44f7-81e5-1aef47aeffd2"
        ],
        "useIfNotSpecificationEntitiesIds": []
      }
    },
    {
      "id": "84636895-1d6d-41da-8fda-223cbddc5ac9",
      "rootId": "84636895-1d6d-41da-8fda-223cbddc5ac9",
      "isAudit": false,
      "auditDate": "2023-11-07T09:31:52.807Z",
      "auditUserId": null,
      "privateId": 73,
      "isDeleted": false,
      "createDate": "2023-11-07T09:31:52.810Z",
      "lastUpdateDate": "2023-11-07T09:31:52.814Z",
      "lastDeleteDate": null,
      "isActive": true,
      "isBundled": false,
      "globalId": "b7b8cd47-7f2a-4635-92e4-5b70db5914e3",
      "bundleId": null,
      "bundleLinksIds": {},
      "name": "(F). Автоматизация предоставления доступа к АС",
      "description": "Автоматизация предоставления доступа к АС",
      "orderIndex": 16,
      "conditionsMap": {
        "useIfSpecificationEntitiesIds": [],
        "useIfNotSpecificationEntitiesIds": []
      }
    },
    {
      "id": "0577e0c8-01c0-4006-80b7-4a8b7612014f",
      "rootId": "0577e0c8-01c0-4006-80b7-4a8b7612014f",
      "isAudit": false,
      "auditDate": "2023-11-07T09:32:58.902Z",
      "auditUserId": null,
      "privateId": 74,
      "isDeleted": false,
      "createDate": "2023-11-07T09:32:58.905Z",
      "lastUpdateDate": "2023-11-07T09:32:58.910Z",
      "lastDeleteDate": null,
      "isActive": true,
      "isBundled": false,
      "globalId": "37f40930-eba3-416d-a3db-6fbd54d902ca",
      "bundleId": null,
      "bundleLinksIds": {},
      "name": "13.\t(H). Планируется ли применение сертифицированных ФСБ России средств криптографической защиты информации (СКЗИ)?",
      "description": "13.\t(H). Планируется ли применение сертифицированных ФСБ России средств криптографической защиты информации (СКЗИ)?",
      "orderIndex": 17,
      "conditionsMap": {
        "useIfSpecificationEntitiesIds": [],
        "useIfNotSpecificationEntitiesIds": []
      }
    },
    {
      "id": "c7f692ef-99c4-4156-9b26-c54d2727f7cc",
      "rootId": "c7f692ef-99c4-4156-9b26-c54d2727f7cc",
      "isAudit": false,
      "auditDate": "2023-11-07T09:33:47.769Z",
      "auditUserId": null,
      "privateId": 75,
      "isDeleted": false,
      "createDate": "2023-11-07T09:33:47.772Z",
      "lastUpdateDate": "2023-11-07T09:33:47.776Z",
      "lastDeleteDate": null,
      "isActive": true,
      "isBundled": false,
      "globalId": "0b8967a5-d708-4d29-b13d-8b507eccb1c4",
      "bundleId": null,
      "bundleLinksIds": {},
      "name": "14.\t(G) АС является клиентским мобильным приложением, интернет-банком / клиентским web-приложением",
      "description": "14.\t(G) АС является клиентским мобильным приложением, интернет-банком / клиентским web-приложением",
      "orderIndex": 18,
      "conditionsMap": {
        "useIfSpecificationEntitiesIds": [],
        "useIfNotSpecificationEntitiesIds": []
      }
    },
    {
      "id": "9142f884-2d4a-4aec-87c2-9db907d2d5a4",
      "rootId": "9142f884-2d4a-4aec-87c2-9db907d2d5a4",
      "isAudit": false,
      "auditDate": "2023-11-07T09:34:37.788Z",
      "auditUserId": null,
      "privateId": 76,
      "isDeleted": false,
      "createDate": "2023-11-07T09:34:37.790Z",
      "lastUpdateDate": "2023-11-07T09:34:37.795Z",
      "lastDeleteDate": null,
      "isActive": true,
      "isBundled": false,
      "globalId": "8262af61-38ed-40e2-be89-28e4242d8b8d",
      "bundleId": null,
      "bundleLinksIds": {},
      "name": "15.\t(K) В АС планируется использовать контейнерную виртуализацию",
      "description": "15.\t(K) В АС планируется использовать контейнерную виртуализацию",
      "orderIndex": 19,
      "conditionsMap": {
        "useIfSpecificationEntitiesIds": [],
        "useIfNotSpecificationEntitiesIds": []
      }
    },
    {
      "id": "65028749-6001-4af5-9530-966a5fe1ce13",
      "rootId": "65028749-6001-4af5-9530-966a5fe1ce13",
      "isAudit": false,
      "auditDate": "2023-11-07T09:35:19.470Z",
      "auditUserId": null,
      "privateId": 77,
      "isDeleted": false,
      "createDate": "2023-11-07T09:35:19.472Z",
      "lastUpdateDate": "2023-11-07T09:35:19.476Z",
      "lastDeleteDate": null,
      "isActive": true,
      "isBundled": false,
      "globalId": "6507e7de-9d32-4028-8600-87a0a1e28e01",
      "bundleId": null,
      "bundleLinksIds": {},
      "name": "16.\tАрхитектура АС (вид клиента)",
      "description": "16.\tАрхитектура АС (вид клиента)",
      "orderIndex": 20,
      "conditionsMap": {
        "useIfSpecificationEntitiesIds": [],
        "useIfNotSpecificationEntitiesIds": []
      }
    },
    {
      "id": "fbcc7598-eda6-42b1-a06f-cb112ee900a1",
      "rootId": "fbcc7598-eda6-42b1-a06f-cb112ee900a1",
      "isAudit": false,
      "auditDate": "2023-11-07T09:35:30.252Z",
      "auditUserId": null,
      "privateId": 78,
      "isDeleted": false,
      "createDate": "2023-11-07T09:35:30.254Z",
      "lastUpdateDate": "2023-11-07T09:35:30.259Z",
      "lastDeleteDate": null,
      "isActive": true,
      "isBundled": false,
      "globalId": "2526442d-3c96-4122-8c9e-dd7db15580a4",
      "bundleId": null,
      "bundleLinksIds": {},
      "name": "17.\t(M) В АС планируется использование одноразовых кодов (СМС, Push, …)",
      "description": "17.\t(M) В АС планируется использование одноразовых кодов (СМС, Push, …)",
      "orderIndex": 21,
      "conditionsMap": {
        "useIfSpecificationEntitiesIds": [],
        "useIfNotSpecificationEntitiesIds": []
      }
    },
    {
      "id": "cee7f57b-f4b7-47e5-af56-4e6ec859cd67",
      "rootId": "cee7f57b-f4b7-47e5-af56-4e6ec859cd67",
      "isAudit": false,
      "auditDate": "2023-11-07T09:35:39.821Z",
      "auditUserId": null,
      "privateId": 79,
      "isDeleted": false,
      "createDate": "2023-11-07T09:35:39.823Z",
      "lastUpdateDate": "2023-11-07T09:35:39.829Z",
      "lastDeleteDate": null,
      "isActive": true,
      "isBundled": false,
      "globalId": "4f97346e-1638-4fe1-9137-5996f69b0642",
      "bundleId": null,
      "bundleLinksIds": {},
      "name": "18.\tПринадлежность АС к контуру PCI DSS",
      "description": "18.\tПринадлежность АС к контуру PCI DSS",
      "orderIndex": 22,
      "conditionsMap": {
        "useIfSpecificationEntitiesIds": [],
        "useIfNotSpecificationEntitiesIds": []
      }
    },
    {
      "id": "9ab42206-607e-4180-b506-453bbd26f521",
      "rootId": "9ab42206-607e-4180-b506-453bbd26f521",
      "isAudit": false,
      "auditDate": "2023-11-07T09:35:50.394Z",
      "auditUserId": null,
      "privateId": 80,
      "isDeleted": false,
      "createDate": "2023-11-07T09:35:50.399Z",
      "lastUpdateDate": "2023-11-07T09:35:50.403Z",
      "lastDeleteDate": null,
      "isActive": true,
      "isBundled": false,
      "globalId": "7fba686d-c452-4567-aed5-458d96bed45c",
      "bundleId": null,
      "bundleLinksIds": {},
      "name": "19.\t(I). Способ создания продукта",
      "description": "19.\t(I). Способ создания продукта",
      "orderIndex": 23,
      "conditionsMap": {
        "useIfSpecificationEntitiesIds": [],
        "useIfNotSpecificationEntitiesIds": []
      }
    },
    {
      "id": "01eeb01a-9dfe-4aa2-97bf-3ca95de02dad",
      "rootId": "01eeb01a-9dfe-4aa2-97bf-3ca95de02dad",
      "isAudit": false,
      "auditDate": "2023-11-07T09:35:59.335Z",
      "auditUserId": null,
      "privateId": 81,
      "isDeleted": false,
      "createDate": "2023-11-07T09:35:59.337Z",
      "lastUpdateDate": "2023-11-07T09:35:59.341Z",
      "lastDeleteDate": null,
      "isActive": true,
      "isBundled": false,
      "globalId": "341cb82e-8b47-4c92-84db-5afb4175a1c4",
      "bundleId": null,
      "bundleLinksIds": {},
      "name": "20.\tВ АС планируется обработка ПДн граждан Евросоюза",
      "description": "20.\tВ АС планируется обработка ПДн граждан Евросоюза",
      "orderIndex": 24,
      "conditionsMap": {
        "useIfSpecificationEntitiesIds": [],
        "useIfNotSpecificationEntitiesIds": []
      }
    },
    {
      "id": "f39d53cc-9827-4f24-8731-ccf6c145b55f",
      "rootId": "f39d53cc-9827-4f24-8731-ccf6c145b55f",
      "isAudit": false,
      "auditDate": "2023-09-08T11:03:01.809Z",
      "auditUserId": null,
      "privateId": 14,
      "isDeleted": false,
      "createDate": "2023-09-06T12:46:24.692Z",
      "lastUpdateDate": "2023-09-08T11:03:01.811Z",
      "lastDeleteDate": null,
      "isActive": true,
      "isBundled": false,
      "globalId": "e954c883-5ad8-4785-a9b6-d82a2fb53814",
      "bundleId": null,
      "bundleLinksIds": {},
      "name": "Внешние зависимости",
      "description": "  ",
      "orderIndex": 101,
      "conditionsMap": {
        "useIfSpecificationEntitiesIds": [],
        "useIfNotSpecificationEntitiesIds": []
      }
    },
    {
      "id": "c98d4acc-8be7-4afa-b91d-e507ad3a9884",
      "rootId": "c98d4acc-8be7-4afa-b91d-e507ad3a9884",
      "isAudit": false,
      "auditDate": "2023-09-08T11:03:07.437Z",
      "auditUserId": null,
      "privateId": 15,
      "isDeleted": false,
      "createDate": "2023-09-06T12:46:24.700Z",
      "lastUpdateDate": "2023-09-08T11:03:07.438Z",
      "lastDeleteDate": null,
      "isActive": true,
      "isBundled": false,
      "globalId": "08b6c068-5cee-4f9a-9522-b7bd0551622c",
      "bundleId": null,
      "bundleLinksIds": {},
      "name": "Вывод данных",
      "description": "  ",
      "orderIndex": 103,
      "conditionsMap": {
        "useIfSpecificationEntitiesIds": [],
        "useIfNotSpecificationEntitiesIds": []
      }
    },
    {
      "id": "f96a08f6-1948-4936-bf9a-d047e87489f3",
      "rootId": "f96a08f6-1948-4936-bf9a-d047e87489f3",
      "isAudit": false,
      "auditDate": "2023-09-08T11:03:25.497Z",
      "auditUserId": null,
      "privateId": 17,
      "isDeleted": false,
      "createDate": "2023-09-06T12:46:24.718Z",
      "lastUpdateDate": "2023-09-08T11:03:25.499Z",
      "lastDeleteDate": null,
      "isActive": true,
      "isBundled": false,
      "globalId": "9cfc679c-cc48-4686-a418-8c7e05f29fba",
      "bundleId": null,
      "bundleLinksIds": {},
      "name": "Использование криптографии",
      "description": "  ",
      "orderIndex": 105,
      "conditionsMap": {
        "useIfSpecificationEntitiesIds": [],
        "useIfNotSpecificationEntitiesIds": []
      }
    },
    {
      "id": "4e87f598-dae9-4dee-8b86-a659226c6b53",
      "rootId": "4e87f598-dae9-4dee-8b86-a659226c6b53",
      "isAudit": false,
      "auditDate": "2023-09-08T11:03:31.882Z",
      "auditUserId": null,
      "privateId": 18,
      "isDeleted": false,
      "createDate": "2023-09-06T12:46:24.727Z",
      "lastUpdateDate": "2023-09-08T11:03:31.884Z",
      "lastDeleteDate": null,
      "isActive": true,
      "isBundled": false,
      "globalId": "595a3b5e-6cf0-46e0-a20b-f6072f10eb0c",
      "bundleId": null,
      "bundleLinksIds": {},
      "name": "Использование сторонних модулей ",
      "description": "  ",
      "orderIndex": 106,
      "conditionsMap": {
        "useIfSpecificationEntitiesIds": [],
        "useIfNotSpecificationEntitiesIds": []
      }
    },
    {
      "id": "f99c9bb7-6ccb-443c-b8c6-d516ebe5c5ca",
      "rootId": "f99c9bb7-6ccb-443c-b8c6-d516ebe5c5ca",
      "isAudit": false,
      "auditDate": "2023-09-08T11:03:37.941Z",
      "auditUserId": null,
      "privateId": 19,
      "isDeleted": false,
      "createDate": "2023-09-06T12:46:24.734Z",
      "lastUpdateDate": "2023-09-08T11:03:37.942Z",
      "lastDeleteDate": null,
      "isActive": true,
      "isBundled": false,
      "globalId": "f83b2abb-0df0-4268-9816-f7ae5a22bfd1",
      "bundleId": null,
      "bundleLinksIds": {},
      "name": "Кодогенерация",
      "description": "  ",
      "orderIndex": 107,
      "conditionsMap": {
        "useIfSpecificationEntitiesIds": [],
        "useIfNotSpecificationEntitiesIds": []
      }
    },
    {
      "id": "28e92a8f-c5a9-4deb-8a12-76fa4d18f38a",
      "rootId": "28e92a8f-c5a9-4deb-8a12-76fa4d18f38a",
      "isAudit": false,
      "auditDate": "2023-09-08T11:03:45.935Z",
      "auditUserId": null,
      "privateId": 20,
      "isDeleted": false,
      "createDate": "2023-09-06T12:46:24.740Z",
      "lastUpdateDate": "2023-09-08T11:03:45.937Z",
      "lastDeleteDate": null,
      "isActive": true,
      "isBundled": false,
      "globalId": "a647f70a-a019-4401-8c70-6a94c5140b04",
      "bundleId": null,
      "bundleLinksIds": {},
      "name": "Микросервисы",
      "description": "  ",
      "orderIndex": 108,
      "conditionsMap": {
        "useIfSpecificationEntitiesIds": [],
        "useIfNotSpecificationEntitiesIds": []
      }
    },
    {
      "id": "403d32a7-a505-40e9-9a94-20a497de130b",
      "rootId": "403d32a7-a505-40e9-9a94-20a497de130b",
      "isAudit": false,
      "auditDate": "2023-09-08T11:03:54.046Z",
      "auditUserId": null,
      "privateId": 21,
      "isDeleted": false,
      "createDate": "2023-09-06T12:46:24.747Z",
      "lastUpdateDate": "2023-09-08T11:03:54.048Z",
      "lastDeleteDate": null,
      "isActive": true,
      "isBundled": false,
      "globalId": "71c4ecf0-4f9b-4c8d-bb1a-f51734798320",
      "bundleId": null,
      "bundleLinksIds": {},
      "name": "Обработка входных данных",
      "description": "  ",
      "orderIndex": 109,
      "conditionsMap": {
        "useIfSpecificationEntitiesIds": [],
        "useIfNotSpecificationEntitiesIds": []
      }
    },
    {
      "id": "7ed979dd-a3e5-4234-a6ac-a90455e447cf",
      "rootId": "7ed979dd-a3e5-4234-a6ac-a90455e447cf",
      "isAudit": false,
      "auditDate": "2023-09-08T11:03:59.658Z",
      "auditUserId": null,
      "privateId": 22,
      "isDeleted": false,
      "createDate": "2023-09-06T12:46:24.753Z",
      "lastUpdateDate": "2023-09-08T11:03:59.659Z",
      "lastDeleteDate": null,
      "isActive": true,
      "isBundled": false,
      "globalId": "92209e87-3821-4607-8789-671865dd596b",
      "bundleId": null,
      "bundleLinksIds": {},
      "name": "Обработка данных форм",
      "description": "  ",
      "orderIndex": 110,
      "conditionsMap": {
        "useIfSpecificationEntitiesIds": [],
        "useIfNotSpecificationEntitiesIds": []
      }
    },
    {
      "id": "792d4965-b20a-4b39-b3e9-6c42e4fea60f",
      "rootId": "792d4965-b20a-4b39-b3e9-6c42e4fea60f",
      "isAudit": false,
      "auditDate": "2023-09-08T11:04:10.346Z",
      "auditUserId": null,
      "privateId": 24,
      "isDeleted": false,
      "createDate": "2023-09-06T12:46:24.766Z",
      "lastUpdateDate": "2023-09-08T11:04:10.349Z",
      "lastDeleteDate": null,
      "isActive": true,
      "isBundled": false,
      "globalId": "b1396c16-0a86-472e-a9a7-2d2a35b2ba97",
      "bundleId": null,
      "bundleLinksIds": {},
      "name": "Поддержка",
      "description": "  ",
      "orderIndex": 112,
      "conditionsMap": {
        "useIfSpecificationEntitiesIds": [],
        "useIfNotSpecificationEntitiesIds": []
      }
    },
    {
      "id": "80b81dd8-4e72-4e28-a528-cd4fed3ad94d",
      "rootId": "80b81dd8-4e72-4e28-a528-cd4fed3ad94d",
      "isAudit": false,
      "auditDate": "2023-11-07T08:13:49.773Z",
      "auditUserId": null,
      "privateId": 4,
      "isDeleted": false,
      "createDate": "2023-09-06T12:45:23.058Z",
      "lastUpdateDate": "2023-11-07T08:13:49.774Z",
      "lastDeleteDate": null,
      "isActive": true,
      "isBundled": false,
      "globalId": "19ce90ea-fa83-435e-a5b0-a45fea7626a5",
      "bundleId": null,
      "bundleLinksIds": {},
      "name": "Используемые фреймворки",
      "description": "Выбираются используемые для создания приложения фреймворки",
      "orderIndex": 114,
      "conditionsMap": {
        "useIfSpecificationEntitiesIds": [],
        "useIfNotSpecificationEntitiesIds": []
      }
    },
    {
      "id": "7d3a20be-f48f-4584-9615-db4d68e34543",
      "rootId": "7d3a20be-f48f-4584-9615-db4d68e34543",
      "isAudit": false,
      "auditDate": "2023-11-07T08:13:54.209Z",
      "auditUserId": null,
      "privateId": 6,
      "isDeleted": false,
      "createDate": "2023-09-06T12:45:23.058Z",
      "lastUpdateDate": "2023-11-07T08:13:54.210Z",
      "lastDeleteDate": null,
      "isActive": true,
      "isBundled": false,
      "globalId": "3136cb25-34af-4c7e-8ebe-4297b3ec9327",
      "bundleId": null,
      "bundleLinksIds": {},
      "name": "Место развертывания",
      "description": "Указывается место развертывания приложения относительно периметра организации",
      "orderIndex": 115,
      "conditionsMap": {
        "useIfSpecificationEntitiesIds": [],
        "useIfNotSpecificationEntitiesIds": []
      }
    },
    {
      "id": "b0165efe-5abc-4b9e-8605-01a26da1d3f7",
      "rootId": "b0165efe-5abc-4b9e-8605-01a26da1d3f7",
      "isAudit": false,
      "auditDate": "2023-09-08T11:04:35.675Z",
      "auditUserId": null,
      "privateId": 28,
      "isDeleted": false,
      "createDate": "2023-09-06T12:46:24.795Z",
      "lastUpdateDate": "2023-09-08T11:04:35.677Z",
      "lastDeleteDate": null,
      "isActive": true,
      "isBundled": false,
      "globalId": "0e0eed4c-786a-4b24-8943-44a6f385371c",
      "bundleId": null,
      "bundleLinksIds": {},
      "name": "Работа с посетителями",
      "description": "  ",
      "orderIndex": 116,
      "conditionsMap": {
        "useIfSpecificationEntitiesIds": [],
        "useIfNotSpecificationEntitiesIds": []
      }
    },
    {
      "id": "490b6c73-65a0-428d-ae5d-0bda49815fef",
      "rootId": "490b6c73-65a0-428d-ae5d-0bda49815fef",
      "isAudit": false,
      "auditDate": "2023-11-07T08:14:04.678Z",
      "auditUserId": null,
      "privateId": 1,
      "isDeleted": false,
      "createDate": "2023-09-06T12:45:23.057Z",
      "lastUpdateDate": "2023-11-07T08:14:04.680Z",
      "lastDeleteDate": null,
      "isActive": true,
      "isBundled": false,
      "globalId": "e50fea4b-a2aa-4148-8126-400b15cc0a6b",
      "bundleId": null,
      "bundleLinksIds": {},
      "name": "Категории информации",
      "description": "Указываются категории информации обрабатываемые в системе",
      "orderIndex": 117,
      "conditionsMap": {
        "useIfSpecificationEntitiesIds": [],
        "useIfNotSpecificationEntitiesIds": []
      }
    },
    {
      "id": "296f822b-fee1-43ca-8356-421002c653da",
      "rootId": "296f822b-fee1-43ca-8356-421002c653da",
      "isAudit": false,
      "auditDate": "2023-11-07T08:14:18.073Z",
      "auditUserId": null,
      "privateId": 2,
      "isDeleted": false,
      "createDate": "2023-09-06T12:45:23.057Z",
      "lastUpdateDate": "2023-11-07T08:14:18.075Z",
      "lastDeleteDate": null,
      "isActive": true,
      "isBundled": false,
      "globalId": "f9c63918-f320-4d57-948d-b8a0ea8c428f",
      "bundleId": null,
      "bundleLinksIds": {},
      "name": "Тип технологического процесса",
      "description": "Определяет какой технологический процесс будет реализован с использованием АС",
      "orderIndex": 118,
      "conditionsMap": {
        "useIfSpecificationEntitiesIds": [],
        "useIfNotSpecificationEntitiesIds": []
      }
    },
    {
      "id": "860339c1-ddd3-493d-bad9-b667ee312c20",
      "rootId": "860339c1-ddd3-493d-bad9-b667ee312c20",
      "isAudit": false,
      "auditDate": "2023-09-08T11:04:58.838Z",
      "auditUserId": null,
      "privateId": 30,
      "isDeleted": false,
      "createDate": "2023-09-06T12:46:24.809Z",
      "lastUpdateDate": "2023-09-08T11:04:58.839Z",
      "lastDeleteDate": null,
      "isActive": true,
      "isBundled": false,
      "globalId": "8fdbf010-97ea-4554-98b1-e8526da4f145",
      "bundleId": null,
      "bundleLinksIds": {},
      "name": "Хранение и управление кодом",
      "description": "  ",
      "orderIndex": 120,
      "conditionsMap": {
        "useIfSpecificationEntitiesIds": [],
        "useIfNotSpecificationEntitiesIds": []
      }
    },
    {
      "id": "a98b2e8b-0e87-4556-a618-a47e038735de",
      "rootId": "a98b2e8b-0e87-4556-a618-a47e038735de",
      "isAudit": false,
      "auditDate": "2023-09-08T11:05:06.353Z",
      "auditUserId": null,
      "privateId": 31,
      "isDeleted": false,
      "createDate": "2023-09-06T12:46:24.816Z",
      "lastUpdateDate": "2023-09-08T11:05:06.355Z",
      "lastDeleteDate": null,
      "isActive": true,
      "isBundled": false,
      "globalId": "9e2c9a0e-b891-4146-85b6-59e10bebe2b9",
      "bundleId": null,
      "bundleLinksIds": {},
      "name": "Хранение ключей и секретов",
      "description": "  ",
      "orderIndex": 121,
      "conditionsMap": {
        "useIfSpecificationEntitiesIds": [],
        "useIfNotSpecificationEntitiesIds": []
      }
    },
    {
      "id": "74893900-4282-4e70-9869-21048ecf5b93",
      "rootId": "74893900-4282-4e70-9869-21048ecf5b93",
      "isAudit": false,
      "auditDate": "2023-09-08T11:05:20.642Z",
      "auditUserId": null,
      "privateId": 5,
      "isDeleted": false,
      "createDate": "2023-09-06T12:45:23.056Z",
      "lastUpdateDate": "2023-09-08T11:05:20.644Z",
      "lastDeleteDate": null,
      "isActive": true,
      "isBundled": false,
      "globalId": "b997650d-1ce3-4621-97ed-8df4e40b1281",
      "bundleId": null,
      "bundleLinksIds": {},
      "name": "Тип приложения",
      "description": "Определяет характеристики разрабатываемого ПО",
      "orderIndex": 122,
      "conditionsMap": {
        "useIfSpecificationEntitiesIds": [],
        "useIfNotSpecificationEntitiesIds": []
      }
    },
    {
      "id": "be924376-5492-4a9f-b841-641d5cf89818",
      "rootId": "be924376-5492-4a9f-b841-641d5cf89818",
      "isAudit": false,
      "auditDate": "2023-09-08T11:05:34.108Z",
      "auditUserId": null,
      "privateId": 3,
      "isDeleted": false,
      "createDate": "2023-09-06T12:45:23.058Z",
      "lastUpdateDate": "2023-09-08T11:05:34.110Z",
      "lastDeleteDate": null,
      "isActive": true,
      "isBundled": false,
      "globalId": "ea520a14-9999-471d-bc40-313d0a4ab10c",
      "bundleId": null,
      "bundleLinksIds": {},
      "name": "Категории пользователей",
      "description": "!!!!Указываются категории пользователей в разрезе каналов доступа, которые должны иметь доступ к системе",
      "orderIndex": 123,
      "conditionsMap": {
        "useIfSpecificationEntitiesIds": [],
        "useIfNotSpecificationEntitiesIds": []
      }
    },
    {
      "id": "d915e2fc-4da7-412c-a55a-5729e62dc83e",
      "rootId": "d915e2fc-4da7-412c-a55a-5729e62dc83e",
      "isAudit": false,
      "auditDate": "2023-11-22T12:41:43.480Z",
      "auditUserId": null,
      "privateId": 13,
      "isDeleted": false,
      "createDate": "2023-09-06T12:46:24.682Z",
      "lastUpdateDate": "2023-11-22T12:41:43.483Z",
      "lastDeleteDate": null,
      "isActive": false,
      "isBundled": false,
      "globalId": "6987d962-982e-4354-9055-9edf8792ebee",
      "bundleId": null,
      "bundleLinksIds": {},
      "name": "CI/CD",
      "description": "  ",
      "orderIndex": 100,
      "conditionsMap": {
        "useIfSpecificationEntitiesIds": [],
        "useIfNotSpecificationEntitiesIds": []
      }
    }
  ],
  "request": {
    "limit": 100000,
    "offset": 0,
    "sort": {
      "rules": [
        {
          "isDesc": true,
          "name": "isActive"
        },
        {
          "isDesc": false,
          "name": "orderIndex"
        },
        {
          "isDesc": false,
          "name": "shortName"
        },
        {
          "isDesc": false,
          "name": "name"
        },
        {
          "isDesc": true,
          "name": "createDate"
        }
      ]
    },
    "filter": {}
  }
}