{
  "version": "v1.0.0", 
  "log":  {
    "console" : true
  },
  "home": "/",
  "sample":{
    "start": 0,
    "end":1000
  },
  "api_host": "https://10.10.1.100",
  "api_check_ssl": false,
  "api_user_auth": {
    "login": "admin",    
    "password": "W!8xp9ck8MT!9H9"  
  },
  "api_url": {
    "login": "/v2/api/user/active/login",       
    "project_search": "/v2/admin/project/search",  
    "project_id": "/v2/api/project",
    "tag_search": "/v2/api/tag/search",
    "specification_ids_search": "/v2/admin/specification/search",    
    "specification_ids_category_search": "/v2/admin/specification/category/search",    
    "project_add": "/v2/admin/gpb/projectApplication",
    "application": "/v2/admin/application",
    "template_search": "/v2/admin/application/template/search",
    "application_search": "/v2/admin/application/search"
  }
}